Date,Open,High,Low,Close,Adj Close,Volume
2021-01-04,2821.98999,2872.199951,2763.090088,2783.209961,2783.209961,0
2021-01-05,2783.179932,2838.189941,2782.620117,2837.169922,2837.169922,0
2021-01-06,2820.860107,2884.610107,2803.52002,2827.959961,2827.959961,0
2021-01-07,2873.659912,2943.879883,2873.169922,2937,2937,0
2021-01-08,2982.330078,2994.070068,2904.540039,2936.469971,2936.469971,0
2021-01-11,2915.139893,2991.600098,2914.080078,2969.919922,2969.919922,0
2021-01-12,2989.100098,3014.360107,2959.919922,2988.02002,2988.02002,0
2021-01-13,3019.73999,3020.72998,2980.149902,2991.949951,2991.949951,0
2021-01-14,3037.419922,3089.709961,3029.72998,3055.639893,3055.639893,0
2021-01-15,3043.449951,3043.449951,2975.959961,2992.77002,2992.77002,0
2021-01-19,3041.879883,3097.530029,3034.98999,3093.320068,3093.320068,0
2021-01-20,3124.030029,3138.560059,3077.26001,3085.040039,3085.040039,0
2021-01-21,3110.780029,3141.02002,3081.899902,3132.169922,3132.169922,0
2021-01-22,3098.360107,3116.23999,3073.939941,3074.399902,3074.399902,0
2021-01-25,3102.929932,3107.820068,3023.620117,3079.209961,3079.209961,0
2021-01-26,3078.080078,3079.399902,3030,3031.77002,3031.77002,0
2021-01-27,2941.590088,2961.560059,2862.23999,2875.129883,2875.129883,0
2021-01-28,2933.120117,2977.530029,2909.120117,2935.120117,2935.120117,0
2021-01-29,2940.780029,2954.709961,2875.120117,2887.080078,2887.080078,0
2021-02-01,2938.699951,3006.699951,2924.669922,2999.98999,2999.98999,0
2021-02-02,3047.379883,3049.300049,3005.120117,3047.330078,3047.330078,0
2021-02-03,3057.629883,3063.280029,2982.47998,2982.870117,2982.870117,0
2021-02-04,2966.530029,3010.530029,2951.949951,3008.419922,3008.419922,0
2021-02-05,3028.02002,3029.47998,2982.699951,2985.01001,2985.01001,0
2021-02-08,3013.090088,3079.280029,3010.709961,3078.47998,3078.47998,0
2021-02-09,3070.790039,3089.389893,3053.570068,3064.949951,3064.949951,0
2021-02-10,3096.01001,3108.919922,3035.040039,3074.860107,3074.860107,0
2021-02-11,3107.169922,3182.620117,3106.149902,3180.840088,3180.840088,0
2021-02-12,3172.22998,3226.080078,3155.590088,3219.870117,3219.870117,0
2021-02-16,3250.560059,3269.02002,3222.439941,3238.919922,3238.919922,0
2021-02-17,3197.27002,3216.389893,3138.050049,3178.23999,3178.23999,0
2021-02-18,3142.23999,3160.02002,3108.469971,3146.790039,3146.790039,0
2021-02-19,3195.060059,3241.709961,3188.120117,3223.459961,3223.459961,0
2021-02-22,3181.320068,3202.550049,3093.580078,3102.01001,3102.01001,0
2021-02-23,3041.870117,3105.040039,2960.360107,3083.879883,3083.879883,0
2021-02-24,3063.169922,3186.120117,3037.070068,3183.73999,3183.73999,0
2021-02-25,3142.899902,3163.530029,2988.429932,2999.159912,2999.159912,0
2021-02-26,3041.800049,3096.949951,2991.080078,3067.620117,3067.620117,0
2021-03-01,3118.429932,3172.419922,3093.590088,3169.110107,3169.110107,0
2021-03-02,3165.389893,3166.570068,3068.25,3070.939941,3070.939941,0
2021-03-03,3068.199951,3079.939941,2972.850098,2975.580078,2975.580078,0
2021-03-04,2947.909912,2980.080078,2793.820068,2831.629883,2831.629883,0
2021-03-05,2897.97998,2928.120117,2764.820068,2920.75,2920.75,0
2021-03-08,2905.780029,2923.639893,2759.199951,2762.75,2762.75,0
2021-03-09,2861.050049,2952.120117,2853.649902,2932.209961,2932.209961,0
2021-03-10,2969.939941,2976.060059,2876.179932,2879.320068,2879.320068,0
2021-03-11,2965.209961,3015.040039,2948.379883,2997.129883,2997.129883,0
2021-03-12,2933.800049,2970.110107,2924.340088,2965.090088,2965.090088,0
2021-03-15,2983.52002,3034.050049,2963.689941,3032.050049,3032.050049,0
2021-03-16,3058.330078,3116.110107,3051.649902,3070.320068,3070.320068,0
2021-03-17,3024.820068,3130.02002,3004.070068,3107.919922,3107.919922,0
2021-03-18,3058.610107,3069.310059,2974.72998,2976.219971,2976.219971,0
2021-03-19,2976.639893,3039.389893,2945.459961,3011.370117,3011.370117,0
2021-03-22,3055.409912,3112.439941,3040.669922,3077.550049,3077.550049,0
2021-03-23,3082.02002,3082.22998,2982.209961,2994.209961,2994.209961,0
2021-03-24,3049.790039,3057.399902,2952.26001,2953.969971,2953.969971,0
2021-03-25,2902.429932,2971.76001,2881.01001,2959.879883,2959.879883,0
2021-03-26,2961.22998,3110.709961,2958.800049,3106.280029,3106.280029,0
2021-03-29,3077.149902,3085.629883,3021.97998,3054.629883,3054.629883,0
2021-03-30,3034.800049,3055.75,3013.27002,3044.550049,3044.550049,0
2021-03-31,3073.469971,3147.050049,3072.540039,3124.939941,3124.939941,0
2021-04-01,3187.290039,3242.330078,3180.47998,3240.169922,3240.169922,0
2021-04-05,3282.909912,3314.159912,3255.280029,3305.429932,3305.429932,0
2021-04-06,3283.459961,3304.47998,3236.860107,3266.100098,3266.100098,0
2021-04-07,3259.26001,3281.399902,3241.060059,3266.459961,3266.459961,0
2021-04-08,3301.419922,3304.540039,3274.040039,3301.26001,3301.26001,0
2021-04-09,3272.389893,3295.76001,3262.929932,3294.530029,3294.530029,0
2021-04-12,3273.600098,3274.610107,3231.129883,3258.330078,3258.330078,0
2021-04-13,3275.52002,3284.850098,3223.459961,3252.699951,3252.699951,0
2021-04-14,3244.560059,3268.870117,3200.459961,3213.879883,3213.879883,0
2021-04-15,3250.310059,3276.560059,3226.100098,3271.330078,3271.330078,0
2021-04-16,3274.149902,3275.590088,3248.459961,3253.080078,3253.080078,0
2021-04-19,3228.01001,3240.949951,3141.199951,3171,3171,0
2021-04-20,3158.860107,3171.169922,3106.189941,3121.429932,3121.429932,0
2021-04-21,3128.22998,3209.280029,3113.73999,3207.25,3207.25,0
2021-04-22,3203.850098,3206.889893,3119.01001,3133.169922,3133.169922,0
2021-04-23,3147.100098,3207.330078,3145.75,3196.97998,3196.97998,0
2021-04-26,3199.51001,3256.169922,3195.370117,3250.26001,3250.26001,0
2021-04-27,3266.25,3266.25,3220.340088,3225.610107,3225.610107,0
2021-04-28,3208.600098,3208.600098,3175.610107,3178.48999,3178.48999,0
2021-04-29,3218.360107,3222.290039,3153.97998,3202.5,3202.5,0
2021-04-30,3145.51001,3169.379883,3101.379883,3108.98999,3108.98999,0
2021-05-03,3130.060059,3134.060059,3060,3073.379883,3073.379883,0
2021-05-04,3029.300049,3036.100098,2969.120117,3024.310059,3024.310059,0
2021-05-05,3063.23999,3080.689941,3022.699951,3042.879883,3042.879883,0
2021-05-06,3032.550049,3068.530029,3002.73999,3066.219971,3066.219971,0
2021-05-07,3103.949951,3129.870117,3085.73999,3112.030029,3112.030029,0
2021-05-10,3077.280029,3078.389893,2965.419922,2967.110107,2967.110107,0
2021-05-11,2876.27002,2982.840088,2872.310059,2976.01001,2976.01001,0
2021-05-12,2906.439941,2926.860107,2842.330078,2851.149902,2851.149902,0
2021-05-13,2899.800049,2934.449951,2862.879883,2893.939941,2893.939941,0
2021-05-14,2932.040039,3006.139893,2907.399902,2981.419922,2981.419922,0
2021-05-17,2946.810059,2955.610107,2904.25,2954.629883,2954.629883,0
2021-05-18,2977.860107,2985.929932,2927.340088,2929.149902,2929.149902,0
2021-05-19,2864.350098,2989.820068,2862.679932,2987.280029,2987.280029,0
2021-05-20,3010.790039,3078.300049,3009.97998,3066.110107,3066.110107,0
2021-05-21,3085.669922,3086.830078,3044.899902,3052.100098,3052.100098,0
2021-05-24,3082.439941,3141.810059,3079.669922,3122.97998,3122.97998,0
2021-05-25,3145.669922,3157.790039,3117.27002,3134.669922,3134.669922,0
2021-05-26,3135.899902,3156.77002,3115.219971,3140.97998,3140.97998,0
2021-05-27,3134.209961,3170.860107,3130.639893,3159.27002,3159.27002,0
2021-05-28,3172.52002,3200.350098,3163.77002,3186.560059,3186.560059,0
2021-06-01,3210.100098,3233.889893,3160.350098,3174.320068,3174.320068,0
2021-06-02,3167.709961,3206.820068,3163.790039,3196.97998,3196.97998,0
2021-06-03,3161.129883,3171.780029,3126.959961,3139.189941,3139.189941,0
2021-06-04,3170.110107,3221.780029,3170.110107,3214.139893,3214.139893,0
2021-06-07,3199.100098,3205.300049,3172.52002,3191.659912,3191.659912,0
2021-06-08,3221.449951,3221.449951,3150.26001,3171.219971,3171.219971,0
2021-06-09,3183.409912,3190.659912,3157.820068,3158.47998,3158.47998,0
2021-06-10,3165.199951,3205.77002,3156.800049,3196.209961,3196.209961,0
2021-06-11,3198.889893,3210.27002,3186.26001,3210.060059,3210.060059,0
2021-06-14,3213.560059,3255.590088,3199.969971,3255.340088,3255.340088,0
2021-06-15,3248.129883,3265.560059,3218.22998,3225.97998,3225.97998,0
2021-06-16,3237.01001,3246.320068,3173.540039,3201.01001,3201.01001,0
2021-06-17,3189.25,3255.310059,3189.129883,3231.709961,3231.709961,0
2021-06-18,3205.790039,3210.969971,3137.590088,3152.810059,3152.810059,0
2021-06-21,3153.199951,3174.870117,3132.919922,3171.98999,3171.98999,0
2021-06-22,3166.620117,3192.550049,3155.080078,3185.429932,3185.429932,0
2021-06-23,3191.570068,3214.709961,3191.530029,3197.219971,3197.219971,0
2021-06-24,3228.709961,3258.439941,3226.030029,3253.800049,3253.800049,0
2021-06-25,3263.449951,3270.209961,3233.649902,3241.47998,3241.47998,0
2021-06-28,3274.389893,3333.679932,3274.060059,3323.139893,3323.139893,0
2021-06-29,3321.550049,3349.98999,3304.98999,3348.870117,3348.870117,0
2021-06-30,3346.570068,3350.969971,3326.080078,3345.310059,3345.310059,0
2021-07-01,3336.129883,3340.159912,3288.909912,3295.060059,3295.060059,0
2021-07-02,3323.159912,3323.600098,3289.419922,3315.830078,3315.830078,0
2021-07-06,3327.01001,3335.929932,3268.139893,3307.919922,3307.919922,0
2021-07-07,3331.330078,3331.330078,3250.52002,3261.72998,3261.72998,0
2021-07-08,3185.540039,3239.370117,3172.409912,3222.810059,3222.810059,0
2021-07-09,3229.469971,3282.320068,3212.709961,3278.389893,3278.389893,0
2021-07-12,3292.639893,3319.939941,3281.639893,3319,3319,0
2021-07-13,3309.590088,3319.100098,3289.689941,3300.810059,3300.810059,0
2021-07-14,3338.050049,3357.97998,3283.689941,3289.179932,3289.179932,0
2021-07-15,3271.409912,3272.340088,3196.120117,3217.73999,3217.73999,0
2021-07-16,3231.100098,3243.820068,3141.409912,3145.449951,3145.449951,0
2021-07-19,3094.840088,3150,3088.330078,3147.51001,3147.51001,0
2021-07-20,3155.639893,3212.23999,3122.120117,3190.949951,3190.949951,0
2021-07-21,3205.939941,3289.199951,3204.600098,3288.75,3288.75,0
2021-07-22,3268.439941,3282.610107,3240.659912,3259.419922,3259.419922,0
2021-07-23,3273.340088,3281.310059,3239.320068,3280.060059,3280.060059,0
2021-07-26,3268.669922,3286.860107,3256.929932,3276.919922,3276.919922,0
2021-07-27,3258.98999,3261.659912,3152.580078,3215.969971,3215.969971,0
2021-07-28,3230.139893,3283.159912,3216.97998,3272.449951,3272.449951,0
2021-07-29,3286.360107,3339.870117,3280.409912,3333.23999,3333.23999,0
2021-07-30,3304.51001,3361.169922,3304.51001,3356.530029,3356.530029,0
2021-08-02,3388.5,3420.310059,3370.830078,3377.48999,3377.48999,0
2021-08-03,3382.120117,3397.790039,3340.399902,3396.659912,3396.659912,0
2021-08-04,3415.139893,3450.370117,3405.709961,3436.899902,3436.899902,0
2021-08-05,3447.209961,3451.409912,3408.409912,3424.459961,3424.459961,0
2021-08-06,3404.399902,3427.570068,3403.469971,3412.050049,3412.050049,0
2021-08-09,3424.419922,3428.110107,3387.570068,3399.76001,3399.76001,0
2021-08-10,3406.47998,3409.449951,3337.639893,3358.870117,3358.870117,0
2021-08-11,3370.389893,3373.389893,3310.01001,3350.929932,3350.929932,0
2021-08-12,3328.550049,3328.550049,3287.040039,3312.959961,3312.959961,0
2021-08-13,3308.77002,3337.610107,3305.810059,3335.040039,3335.040039,0
2021-08-16,3323.77002,3331.73999,3298.199951,3322.639893,3322.639893,0
2021-08-17,3288.02002,3288.02002,3228.889893,3256.820068,3256.820068,0
2021-08-18,3245.659912,3269.149902,3205.97998,3208.830078,3208.830078,0
2021-08-19,3192.22998,3252.629883,3166.830078,3235.870117,3235.870117,0
2021-08-20,3245.219971,3263.469971,3218.550049,3256.5,3256.5,0
2021-08-23,3287.679932,3346.159912,3287.360107,3342.01001,3342.01001,0
2021-08-24,3347.830078,3363.419922,3338.919922,3345.389893,3345.389893,0
2021-08-25,3365.199951,3393.899902,3363.25,3372.550049,3372.550049,0
2021-08-26,3368.360107,3385.469971,3346.830078,3370.389893,3370.389893,0
2021-08-27,3373.5,3441.780029,3373.5,3436.449951,3436.449951,0
2021-08-30,3460.800049,3477.929932,3433.879883,3446.439941,3446.439941,0
2021-08-31,3446.469971,3446.580078,3391.120117,3417.719971,3417.719971,0
2021-09-01,3431,3433.01001,3398.629883,3399.949951,3399.949951,0
2021-09-02,3413.350098,3420.01001,3396.949951,3411.320068,3411.320068,0
2021-09-03,3405.030029,3445.399902,3401.76001,3430.889893,3430.889893,0
2021-09-07,3432.199951,3432.98999,3401.889893,3419.72998,3419.72998,0
2021-09-08,3409.51001,3411.75,3350.26001,3377.679932,3377.679932,0
2021-09-09,3381.570068,3410.060059,3379.830078,3390.840088,3390.840088,0
2021-09-10,3425.370117,3468.679932,3415.159912,3416.659912,3416.659912,0
2021-09-13,3450.580078,3458.070068,3405.340088,3449.679932,3449.679932,0
2021-09-14,3464.709961,3475.780029,3433.51001,3449.389893,3449.389893,0
2021-09-15,3451.23999,3466.52002,3421.560059,3465.76001,3465.76001,0
2021-09-16,3437.280029,3484.189941,3427.850098,3473.600098,3473.600098,0
2021-09-17,3457.77002,3457.77002,3403.139893,3421.159912,3421.159912,0
2021-09-20,3341.280029,3360.030029,3289.409912,3338.22998,3338.22998,0
2021-09-21,3363.350098,3368.379883,3313.850098,3345.030029,3345.030029,0
2021-09-22,3374.22998,3420.73999,3357.620117,3412.02002,3412.02002,0
2021-09-23,3426.280029,3468.73999,3418,3457.449951,3457.449951,0
2021-09-24,3431.139893,3461.280029,3426.080078,3453.919922,3453.919922,0
2021-09-27,3418.120117,3458.22998,3399.080078,3445.439941,3445.439941,0
2021-09-28,3378.110107,3398.100098,3313.75,3314.389893,3314.389893,0
2021-09-29,3318.330078,3329.889893,3257.209961,3263.840088,3263.840088,0
2021-09-30,3293.72998,3311.409912,3257.73999,3258.090088,3258.090088,0
2021-10-01,3275.280029,3277.580078,3208.550049,3261.179932,3261.179932,0
2021-10-04,3240.899902,3246.419922,3170.469971,3180.060059,3180.060059,0
2021-10-05,3204.72998,3249.01001,3191.149902,3227.25,3227.25,0
2021-10-06,3191.51001,3242.379883,3182.620117,3238.790039,3238.790039,0
2021-10-07,3281.02002,3319.379883,3271.189941,3274.47998,3274.47998,0
2021-10-08,3288.580078,3289.5,3241.870117,3246.27002,3246.27002,0
2021-10-11,3232.820068,3274.399902,3219.949951,3221.22998,3221.22998,0
2021-10-12,3240.780029,3242.889893,3165.350098,3178.149902,3178.149902,0
2021-10-13,3203.659912,3211.969971,3183.5,3192.75,3192.75,0
2021-10-14,3245.870117,3292.090088,3243.149902,3291.23999,3291.23999,0
2021-10-15,3316.540039,3325.310059,3299.550049,3314.409912,3314.409912,0
2021-10-18,3287.419922,3340.840088,3276.699951,3338.780029,3338.780029,0
2021-10-19,3343.129883,3381.699951,3331.98999,3381.449951,3381.449951,0
2021-10-20,3380.379883,3387.97998,3363.340088,3374.219971,3374.219971,0
2021-10-21,3353.949951,3414.97998,3353.870117,3412.050049,3412.050049,0
2021-10-22,3393.139893,3427.129883,3366.629883,3370.280029,3370.280029,0
2021-10-25,3384.939941,3412.399902,3377.969971,3392.389893,3392.389893,0
2021-10-26,3420.330078,3427.899902,3381.149902,3392.959961,3392.959961,0
2021-10-27,3365.110107,3399.129883,3353.780029,3360.290039,3360.290039,0
2021-10-28,3406.300049,3440.580078,3402.969971,3438.830078,3438.830078,0
2021-10-29,3407.47998,3452.830078,3404.149902,3451.27002,3451.27002,0
2021-11-01,3459.570068,3507.560059,3451.679932,3506.280029,3506.280029,0
2021-11-02,3510.25,3549.76001,3510.25,3548.860107,3548.860107,0
2021-11-03,3552.709961,3592.76001,3540,3590.169922,3590.169922,0
2021-11-04,3633.110107,3728.080078,3617.090088,3715.76001,3715.76001,0
2021-11-05,3738.889893,3789.590088,3725.320068,3756.550049,3756.550049,0
2021-11-08,3781.129883,3824.320068,3766.47998,3803.330078,3803.330078,0
2021-11-09,3830.77002,3838.620117,3767.030029,3800.570068,3800.570068,0
2021-11-10,3727.590088,3783.060059,3676.620117,3693.02002,3693.02002,0
2021-11-11,3740.360107,3772.070068,3723.169922,3764.48999,3764.48999,0
2021-11-12,3770.52002,3812.340088,3754.669922,3794.5,3794.5,0
2021-11-15,3817.100098,3823.620117,3760.100098,3793.75,3793.75,0
2021-11-16,3781.909912,3866.72998,3774.070068,3859.399902,3859.399902,0
2021-11-17,3851.310059,3856.5,3813.580078,3831.439941,3831.439941,0
2021-11-18,3904.290039,3916.919922,3861.939941,3899.959961,3899.959961,0
2021-11-19,3895.649902,3936.98999,3879.860107,3912.02002,3912.02002,0
2021-11-22,3928,3982.120117,3843.889893,3847.120117,3847.120117,0
2021-11-23,3836.689941,3869.860107,3773.439941,3834.429932,3834.429932,0
2021-11-24,3800.050049,3871.590088,3765.689941,3870.01001,3870.01001,0
2021-11-26,3799.550049,3833.050049,3735.929932,3757.129883,3757.129883,0
2021-11-29,3827.409912,3914.699951,3806.360107,3910.540039,3910.540039,0
2021-11-30,3893.01001,3924.790039,3804.600098,3833.219971,3833.219971,0
2021-12-01,3896.090088,3958.719971,3806.330078,3810.75,3810.75,0
2021-12-02,3758.199951,3838.639893,3742.540039,3810.820068,3810.820068,0
2021-12-03,3874.52002,3902.860107,3762.070068,3804.540039,3804.540039,0
2021-12-06,3797.590088,3814.330078,3687.870117,3800.070068,3800.070068,0
2021-12-07,3892.320068,4002.159912,3892.320068,3988.75,3988.75,0
2021-12-08,3954.26001,3973.419922,3928.159912,3964.439941,3964.439941,0
2021-12-09,3936.340088,3981.939941,3877.080078,3879.52002,3879.52002,0
2021-12-10,3952.399902,3967.97998,3871.889893,3914.669922,3914.669922,0
2021-12-13,3931.030029,3936.709961,3811.050049,3814.429932,3814.429932,0
2021-12-14,3768.060059,3814.620117,3746.439941,3794.409912,3794.409912,0
2021-12-15,3805.409912,3939.860107,3757.280029,3934.459961,3934.459961,0
2021-12-16,3961.550049,3961.98999,3748.129883,3766.320068,3766.320068,0
2021-12-17,3733.659912,3814.830078,3721.169922,3761.040039,3761.040039,0
2021-12-20,3707.399902,3755.370117,3689.379883,3732.389893,3732.389893,0
2021-12-21,3818.570068,3861.77002,3760.060059,3857.300049,3857.300049,0
2021-12-22,3836.540039,3892.77002,3817.219971,3891.919922,3891.919922,0
2021-12-23,3906.820068,3955.540039,3906.820068,3932.389893,3932.389893,0
2021-12-27,3945.98999,4040.629883,3945.98999,4039.51001,4039.51001,0
2021-12-28,4052.830078,4054.98999,3977.719971,3992.189941,3992.189941,0
2021-12-29,3995.459961,4023.98999,3979.189941,3999.350098,3999.350098,0
2021-12-30,3996.439941,4008.689941,3945.76001,3952.040039,3952.040039,0
2021-12-31,3960.459961,3987.550049,3944.820068,3946.169922,3946.169922,0
2022-01-03,3974.310059,4027.899902,3961.290039,4027.219971,4027.219971,0
2022-01-04,4045.370117,4068.149902,3918.409912,4009,4009,0
2022-01-05,3988.600098,4020.5,3876.840088,3879.870117,3879.870117,0
2022-01-06,3872.399902,3926.98999,3839.080078,3909.040039,3909.040039,0
2022-01-07,3912.189941,3917.820068,3786.429932,3796.320068,3796.320068,0
2022-01-10,3738.189941,3810.300049,3676.77002,3805.389893,3805.389893,0
2022-01-11,3785.580078,3879,3767.820068,3875.439941,3875.439941,0
2022-01-12,3915.610107,3937.959961,3866.149902,3901.209961,3901.209961,0
2022-01-13,3971.169922,3992.22998,3801.429932,3811.840088,3811.840088,0
2022-01-14,3783.100098,3903.050049,3783.100098,3900.610107,3900.610107,0
2022-01-18,3840.780029,3840.949951,3720.159912,3727.23999,3727.23999,0
2022-01-19,3763.25,3777.899902,3610.47998,3612.189941,3612.189941,0
2022-01-20,3638.149902,3666.620117,3493.100098,3494.75,3494.75,0
2022-01-21,3466.189941,3567.100098,3429.879883,3434.790039,3434.790039,0
2022-01-24,3363.399902,3483.48999,3257.459961,3479.949951,3479.949951,0
2022-01-25,3387.939941,3432.209961,3335.699951,3350.850098,3350.850098,0
2022-01-26,3447.310059,3540.52002,3357.110107,3407,3407,0
2022-01-27,3422.909912,3422.909912,3236.199951,3244,3244,0
2022-01-28,3237.48999,3304.169922,3147.47998,3303.399902,3303.399902,0
2022-01-31,3332.129883,3484.709961,3304.879883,3483.209961,3483.209961,0
2022-02-01,3504.659912,3515.47998,3422.360107,3510.860107,3510.860107,0
2022-02-02,3578.419922,3601.219971,3526.959961,3597.169922,3597.169922,0
2022-02-03,3510.25,3559.199951,3425.189941,3432.550049,3432.550049,0
2022-02-04,3420.429932,3481.659912,3374.5,3453.070068,3453.070068,0
2022-02-07,3470.48999,3507.530029,3440.25,3452.330078,3452.330078,0
2022-02-08,3443.199951,3545.129883,3433.850098,3535.129883,3535.129883,0
2022-02-09,3590.699951,3655.280029,3543.719971,3653.719971,3653.719971,0
2022-02-10,3569.149902,3674.370117,3520.52002,3536.100098,3536.100098,0
2022-02-11,3552.72998,3568.830078,3341.780029,3365.25,3365.25,0
2022-02-14,3376.120117,3433.080078,3324.550049,3370.199951,3370.199951,0
2022-02-15,3439.100098,3559.77002,3433,3554.449951,3554.449951,0
2022-02-16,3511.209961,3567,3480.870117,3555.689941,3555.689941,0
2022-02-17,3509.090088,3512.040039,3420.850098,3422.600098,3422.600098,0
2022-02-18,3429.419922,3432.379883,3336,3384.300049,3384.300049,0
2022-02-22,3347.219971,3436.280029,3307.310059,3356.070068,3356.070068,0
2022-02-23,3402.830078,3430.090088,3273.060059,3277.800049,3277.800049,0
2022-02-24,3156.840088,3404.209961,3152.679932,3399.159912,3399.159912,0
2022-02-25,3390.959961,3454.919922,3351.929932,3452.669922,3452.669922,0
2022-02-28,3415.399902,3460.800049,3364.080078,3429.530029,3429.530029,0
2022-03-01,3419.52002,3435.080078,3274.310059,3304.850098,3304.850098,0
2022-03-02,3335.580078,3436.070068,3330.620117,3416.159912,3416.159912,0
2022-03-03,3424.02002,3425.590088,3322.699951,3339.76001,3339.76001,0
2022-03-04,3314.939941,3337.73999,3220.409912,3258.919922,3258.919922,0
2022-03-07,3273.070068,3285.679932,3097.76001,3098.929932,3098.929932,0
2022-03-08,3110.169922,3268.47998,3067.52002,3156.870117,3156.870117,0
2022-03-09,3261.219971,3303.629883,3223.399902,3282.179932,3282.179932,0
2022-03-10,3222.330078,3223.330078,3151.620117,3211.070068,3211.070068,0
2022-03-11,3259.72998,3266.340088,3139.610107,3144.149902,3144.149902,0
2022-03-14,3140.22998,3150.030029,3030.070068,3047.5,3047.5,0
2022-03-15,3073.77002,3186.600098,3057.77002,3180.23999,3180.23999,0
2022-03-16,3232.97998,3340.850098,3202.370117,3340.070068,3340.070068,0
2022-03-17,3298.469971,3365.129883,3280.659912,3364.550049,3364.550049,0
2022-03-18,3338,3443.679932,3324.719971,3432.300049,3432.300049,0
2022-03-21,3413.659912,3450.459961,3365.25,3423.23999,3423.23999,0
2022-03-22,3421.939941,3485.22998,3417.110107,3445.850098,3445.850098,0
2022-03-23,3411.679932,3457.25,3359.379883,3360.320068,3360.320068,0
2022-03-24,3398.01001,3533.580078,3384.300049,3532.719971,3532.719971,0
2022-03-25,3525.959961,3535.409912,3466.98999,3525.340088,3525.340088,0
2022-03-28,3501.790039,3548.540039,3450.939941,3547.169922,3547.169922,0
2022-03-29,3601.370117,3633.139893,3557.659912,3625.580078,3625.580078,0
2022-03-30,3605.26001,3611.199951,3493.689941,3508.620117,3508.620117,0
2022-03-31,3503.73999,3523.699951,3427.469971,3429,3429,0
2022-04-01,3454.070068,3455.800049,3317.879883,3366.639893,3366.639893,0
2022-04-04,3380.610107,3428.659912,3368.350098,3424.949951,3424.949951,0
2022-04-05,3396.449951,3400.590088,3264.379883,3269.820068,3269.820068,0
2022-04-06,3197.98999,3246.879883,3164.98999,3193.959961,3193.959961,0
2022-04-07,3188.899902,3226.790039,3134.370117,3197.439941,3197.439941,0
2022-04-08,3164.939941,3173.530029,3116.669922,3120.159912,3120.159912,0
2022-04-11,3067.97998,3099.419922,3052.139893,3055.090088,3055.090088,0
2022-04-12,3124.320068,3145.75,3035.939941,3047.469971,3047.469971,0
2022-04-13,3065.25,3136.639893,3053.639893,3119.320068,3119.320068,0
2022-04-14,3131.419922,3132.610107,3026.77002,3028.219971,3028.219971,0
2022-04-18,3017.959961,3110.030029,3017.959961,3085.189941,3085.189941,0
2022-04-19,3073.320068,3157.52002,3057.429932,3153.22998,3153.22998,0
2022-04-20,3205.679932,3227.179932,3135.449951,3142.199951,3142.199951,0
2022-04-21,3185.820068,3216.790039,3046.689941,3058.73999,3058.73999,0
2022-04-22,3054.620117,3069.52002,2988.419922,2989.830078,2989.830078,0
2022-04-25,2964.600098,3045.679932,2964.570068,3042.389893,3042.389893,0
2022-04-26,3006.909912,3006.909912,2908.129883,2909.120117,2909.120117,0
2022-04-27,2879.76001,2964.469971,2875.370117,2894.909912,2894.909912,0
2022-04-28,2968.449951,3087.040039,2919.5,3056.360107,3056.360107,0
2022-04-29,3006.48999,3065.719971,2916.120117,2919.73999,2919.73999,0
2022-05-02,2935.959961,3024.790039,2905.439941,3022.23999,3022.23999,0
2022-05-03,3012.219971,3067.409912,2994.949951,3044.889893,3044.889893,0
2022-05-04,3071.169922,3166.699951,2974.709961,3163.790039,3163.790039,0
2022-05-05,3103.590088,3105.5,2965.72998,3005.530029,3005.530029,0
2022-05-06,2990.459961,3044.820068,2926.090088,2982.060059,2982.060059,0
2022-05-09,2918.419922,2949.919922,2817.209961,2829.100098,2829.100098,0
2022-05-10,2918.600098,2948.639893,2834.860107,2900.129883,2900.129883,0
2022-05-11,2872.909912,2937.389893,2806.98999,2811.939941,2811.939941,0
2022-05-12,2781.840088,2851.75,2754.699951,2827.209961,2827.209961,0
2022-05-13,2880,2988.330078,2863.409912,2970.370117,2970.370117,0
2022-05-16,2929.860107,2967.77002,2912.23999,2920.060059,2920.060059,0
2022-05-17,3007.47998,3071.560059,2990.310059,3066.5,3066.5,0
2022-05-18,3012.02002,3054.810059,2897.939941,2907.959961,2907.959961,0
2022-05-19,2901.050049,2960.129883,2867.129883,2890.330078,2890.330078,0
2022-05-20,2937.699951,2939.469971,2758.75,2882.649902,2882.649902,0
2022-05-23,2861.340088,2904.169922,2844.090088,2898.429932,2898.429932,0
2022-05-24,2853.709961,2863.51001,2797.899902,2827.050049,2827.050049,0
2022-05-25,2812.060059,2905.939941,2809.73999,2882.929932,2882.929932,0
2022-05-26,2849.969971,3006.22998,2848.48999,2994.610107,2994.610107,0
2022-05-27,3048.110107,3120.889893,3046.699951,3115.350098,3115.350098,0
2022-05-31,3110.090088,3126.860107,3052.659912,3098.689941,3098.689941,0
2022-06-01,3117.300049,3130.100098,3011.179932,3049.030029,3049.030029,0
2022-06-02,3041.97998,3158.620117,3036.97998,3157.97998,3157.97998,0
2022-06-03,3080.540039,3103.360107,3047.899902,3062.590088,3062.590088,0
2022-06-06,3121.939941,3132.419922,3047.179932,3062.73999,3062.73999,0
2022-06-07,3025.919922,3098.75,3007.969971,3092.969971,3092.969971,0
2022-06-08,3069.76001,3082.379883,3000.459961,3019.100098,3019.100098,0
2022-06-09,2995.780029,3047.719971,2937.399902,2937.790039,2937.790039,0
2022-06-10,2894.709961,2911.76001,2828.459961,2831.97998,2831.97998,0
2022-06-13,2742.149902,2765.429932,2665.639893,2673,2673,0
2022-06-14,2707.27002,2713.5,2658.409912,2689.889893,2689.889893,0
2022-06-15,2726.070068,2780.639893,2674.02002,2737.550049,2737.550049,0
2022-06-16,2648.22998,2655.090088,2537.689941,2566.860107,2566.860107,0
2022-06-17,2581.719971,2598.560059,2523.199951,2578.540039,2578.540039,0
2022-06-21,2638.469971,2685.01001,2633.560059,2649.370117,2649.370117,0
2022-06-22,2603.600098,2658.76001,2602.899902,2619.709961,2619.709961,0
2022-06-23,2633.01001,2636.820068,2563.679932,2602.73999,2602.73999,0
2022-06-24,2639.77002,2719.530029,2639.439941,2718.469971,2718.469971,0
2022-06-27,2745.76001,2749.659912,2692.780029,2713.47998,2713.47998,0
2022-06-28,2724.47998,2758.52002,2640.800049,2642.070068,2642.070068,0
2022-06-29,2604.97998,2610.679932,2553.530029,2583.97998,2583.97998,0
2022-06-30,2548.639893,2602.550049,2514.419922,2556.25,2556.25,0
2022-07-01,2512.100098,2524.030029,2429.899902,2458.459961,2458.459961,0
2022-07-05,2391.810059,2478.26001,2386.669922,2477.639893,2477.639893,0
2022-07-06,2477.320068,2520.830078,2456.22998,2494.110107,2494.110107,0
2022-07-07,2560.199951,2616.439941,2555.379883,2605.889893,2605.889893,0
2022-07-08,2567.179932,2632.340088,2561.280029,2618.02002,2618.02002,0
2022-07-11,2575.73999,2588.02002,2538.97998,2553.689941,2553.689941,0
2022-07-12,2583.219971,2588.379883,2542.540039,2558.169922,2558.169922,0
2022-07-13,2507.850098,2594.969971,2504.98999,2577.360107,2577.360107,0
2022-07-14,2566.73999,2636.629883,2529.550049,2626.919922,2626.919922,0
2022-07-15,2658.219971,2694.969971,2626,2693.77002,2693.77002,0
2022-07-18,2731.560059,2754.959961,2665.179932,2679.570068,2679.570068,0
2022-07-19,2724.340088,2813.77002,2717.810059,2803.139893,2803.139893,0
2022-07-20,2792.780029,2883.52002,2777.340088,2872.959961,2872.959961,0
2022-07-21,2884.189941,2918.22998,2845.639893,2916.810059,2916.810059,0
2022-07-22,2904.949951,2906.52002,2820.22998,2842.409912,2842.409912,0
2022-07-25,2822.22998,2827.949951,2781.669922,2825.030029,2825.030029,0
2022-07-26,2808,2822.76001,2771.73999,2778.959961,2778.959961,0
2022-07-27,2835.139893,2930.629883,2822.97998,2911,2911,0
2022-07-28,2912.76001,2950.25,2853.399902,2944.5,2944.5,0
2022-07-29,2895.320068,2975.330078,2892.51001,2967.139893,2967.139893,0
2022-08-01,2942.76001,3006.73999,2929.399902,2978.320068,2978.320068,0
2022-08-02,2951.080078,3021.570068,2936.429932,2974.75,2974.75,0
2022-08-03,2972.590088,3060.47998,2970.51001,3053.459961,3053.459961,0
2022-08-04,3041.01001,3087.449951,3037.959961,3081.409912,3081.409912,0
2022-08-05,3027.870117,3077.449951,3010.060059,3053.389893,3053.389893,0
2022-08-08,3002.52002,3041.159912,2961.320068,3004.340088,3004.340088,0
2022-08-09,2928.179932,2937.620117,2832.610107,2866.899902,2866.899902,0
2022-08-10,2942.820068,2990.649902,2905.439941,2988.709961,2988.709961,0
2022-08-11,3008.48999,3067.030029,2975.080078,2978.699951,2978.699951,0
2022-08-12,2998.76001,3072.320068,2992.5,3067.840088,3067.840088,0
2022-08-15,3052.860107,3084.860107,3032.530029,3077.330078,3077.330078,0
2022-08-16,3059.27002,3074.610107,3013.290039,3045.639893,3045.639893,0
2022-08-17,2999.870117,3000.409912,2931.860107,2970.120117,2970.120117,0
2022-08-18,2974.199951,3058.560059,2967.149902,3037.840088,3037.840088,0
2022-08-19,2991.870117,3008.649902,2941.629883,2953.340088,2953.340088,0
2022-08-22,2891.659912,2903.040039,2833.620117,2843.370117,2843.370117,0
2022-08-23,2852.209961,2901.889893,2849.919922,2864.310059,2864.310059,0
2022-08-24,2855.370117,2875.300049,2833.600098,2866.179932,2866.179932,0
2022-08-25,2873.429932,2973.129883,2873.01001,2971.070068,2971.070068,0
2022-08-26,2958.47998,2966.52002,2797.590088,2798.439941,2798.439941,0
2022-08-29,2776.540039,2801.590088,2741.199951,2744.5,2744.5,0
2022-08-30,2770.040039,2770.040039,2678.77002,2708.629883,2708.629883,0
2022-08-31,2711.840088,2718.129883,2656.969971,2677.389893,2677.389893,0
2022-09-01,2608.22998,2629.22998,2548.169922,2625.949951,2625.949951,0
2022-09-02,2670.330078,2686.02002,2587.899902,2599.26001,2599.26001,0
2022-09-06,2596.120117,2612.27002,2550.98999,2571.469971,2571.469971,0
2022-09-07,2578.75,2631.409912,2560.449951,2611.5,2611.5,0
2022-09-08,2579.780029,2664.209961,2571.129883,2658.179932,2658.179932,0
2022-09-09,2693.280029,2732.52002,2693.070068,2721.77002,2721.77002,0
2022-09-12,2725.449951,2745.48999,2701.530029,2731.090088,2731.090088,0
2022-09-13,2626.290039,2647.97998,2555.969971,2562.27002,2562.27002,0
2022-09-14,2583.090088,2607.389893,2554,2591.51001,2591.51001,0
2022-09-15,2570.379883,2601.120117,2530.530029,2549.540039,2549.540039,0
2022-09-16,2524.709961,2565.419922,2504.870117,2563.139893,2563.139893,0
2022-09-19,2533.600098,2586.899902,2533.370117,2577.939941,2577.939941,0
2022-09-20,2557.01001,2563.48999,2522.98999,2539.5,2539.5,0
2022-09-21,2545.01001,2625.459961,2514.459961,2514.959961,2514.959961,0
2022-09-22,2500.120117,2507.97998,2431.790039,2444.25,2444.25,0
2022-09-23,2417.719971,2423.120117,2369.459961,2408.899902,2408.899902,0
2022-09-26,2407.709961,2439.929932,2372.189941,2373.469971,2373.469971,0
2022-09-27,2422.77002,2435.310059,2362.580078,2398.040039,2398.040039,0
2022-09-28,2376.199951,2437.360107,2369.22998,2427.26001,2427.26001,0
2022-09-29,2385.540039,2386.120117,2313.080078,2347.360107,2347.360107,0
2022-09-30,2324.610107,2380.689941,2306.649902,2306.699951,2306.699951,0
2022-10-03,2343.080078,2415.639893,2321.189941,2393.320068,2393.320068,0
2022-10-04,2472.209961,2503.689941,2460.48999,2500.110107,2500.110107,0
2022-10-05,2458.01001,2543.899902,2435.159912,2523.610107,2523.610107,0
2022-10-06,2520.199951,2563.280029,2502.899902,2508.840088,2508.840088,0
2022-10-07,2428.209961,2440.090088,2344.919922,2356.75,2356.75,0
2022-10-10,2346.790039,2347.219971,2247.560059,2275.340088,2275.340088,0
2022-10-11,2233.040039,2262.26001,2188.939941,2218.48999,2218.48999,0
2022-10-12,2218.439941,2224.790039,2190.110107,2198.600098,2198.600098,0
2022-10-13,2103.699951,2299.669922,2089.820068,2263.23999,2263.23999,0
2022-10-14,2281.679932,2286.949951,2158.800049,2162.320068,2162.320068,0
2022-10-17,2232.550049,2241.590088,2194.399902,2211.659912,2211.659912,0
2022-10-18,2288.77002,2296.469971,2183.169922,2220.959961,2220.959961,0
2022-10-19,2209.629883,2258.75,2200.899902,2237.73999,2237.73999,0
2022-10-20,2251.129883,2320.909912,2240.909912,2253.219971,2253.219971,0
2022-10-21,2253.370117,2339.899902,2238.120117,2336.689941,2336.689941,0
2022-10-24,2343.5,2360.459961,2294.310059,2351.550049,2351.550049,0
2022-10-25,2359.439941,2420.47998,2359.439941,2404.689941,2404.689941,0
2022-10-26,2351.149902,2433.649902,2343.689941,2376.330078,2376.330078,0
2022-10-27,2419.080078,2430.780029,2338.379883,2340.600098,2340.600098,0
2022-10-28,2347.370117,2436.649902,2338.030029,2433.659912,2433.659912,0
2022-10-31,2409.439941,2415.969971,2371.580078,2384.449951,2384.449951,0
2022-11-01,2436.659912,2439.439941,2390.27002,2402.75,2402.75,0
2022-11-02,2420.580078,2462.139893,2327.73999,2328.469971,2328.469971,0
2022-11-03,2283.330078,2330.949951,2259.870117,2292.850098,2292.850098,0
2022-11-04,2383.709961,2401.22998,2339.889893,2398.23999,2398.23999,0
2022-11-07,2413.169922,2457.77002,2386.649902,2450.620117,2450.620117,0
2022-11-08,2501.209961,2535.550049,2454.23999,2503.389893,2503.389893,0
2022-11-09,2466,2472.610107,2423.959961,2424.820068,2424.820068,0
2022-11-10,2568.219971,2675.830078,2539.72998,2672.5,2672.5,0
2022-11-11,2677.590088,2769.439941,2655.189941,2754.899902,2754.899902,0
2022-11-14,2742.159912,2779.48999,2725.77002,2728.050049,2728.050049,0
2022-11-15,2833.47998,2848.679932,2771.709961,2810.610107,2810.610107,0
2022-11-16,2735.459961,2747.840088,2677.320068,2690.820068,2690.820068,0
2022-11-17,2633.850098,2728,2633.850098,2719.100098,2719.100098,0
2022-11-18,2759.840088,2760,2693.370117,2724.030029,2724.030029,0
2022-11-21,2684.280029,2696.699951,2669.350098,2675.830078,2675.830078,0
2022-11-22,2702.030029,2757.709961,2677.310059,2756.820068,2756.820068,0
2022-11-23,2756.649902,2814.870117,2756.360107,2786.419922,2786.419922,0
2022-11-25,2766.600098,2780.5,2751.27002,2751.27002,2751.27002,0
2022-11-28,2714.360107,2744.639893,2664.570068,2678.780029,2678.780029,0
2022-11-29,2685.030029,2704.699951,2656.629883,2670.649902,2670.649902,0
2022-11-30,2678.560059,2827.699951,2655.060059,2826.850098,2826.850098,0
2022-12-01,2833.449951,2841.860107,2770.97998,2804.699951,2804.699951,0
2022-12-02,2729.75,2777.48999,2723.350098,2771.23999,2771.23999,0
2022-12-05,2756.409912,2777.23999,2713.100098,2738.050049,2738.050049,0
2022-12-06,2732.860107,2736.560059,2650.600098,2673.530029,2673.530029,0
2022-12-07,2645.469971,2689,2645.469971,2673.25,2673.25,0
2022-12-08,2684.939941,2749.120117,2668.27002,2744.72998,2744.72998,0
2022-12-09,2735.090088,2771.879883,2715.919922,2721.02002,2721.02002,0
2022-12-12,2710.100098,2779.47998,2699.47998,2779.209961,2779.209961,0
2022-12-13,2899,2913.120117,2788.939941,2821.530029,2821.530029,0
2022-12-14,2818.629883,2849.439941,2751.23999,2777.27002,2777.27002,0
2022-12-15,2728.689941,2731.909912,2657.780029,2661.409912,2661.409912,0
2022-12-16,2646.280029,2670.110107,2612.439941,2636.100098,2636.100098,0
2022-12-19,2634.51001,2638.370117,2576.370117,2599.860107,2599.860107,0
2022-12-20,2568.290039,2607.870117,2565.51001,2583.639893,2583.639893,0
2022-12-21,2601.790039,2652.189941,2600.23999,2644.5,2644.5,0
2022-12-22,2589.100098,2589.100098,2482.449951,2533.330078,2533.330078,0
2022-12-23,2513.389893,2536.820068,2490.76001,2535.48999,2535.48999,0
2022-12-27,2515.820068,2518.840088,2482.23999,2490.169922,2490.169922,0
2022-12-28,2474.639893,2504.439941,2445.199951,2453.48999,2453.48999,0
2022-12-29,2493.51001,2543.22998,2485.02002,2534.949951,2534.949951,0
2022-12-30,2492.72998,2533.97998,2479.02002,2532.110107,2532.110107,0
2023-01-03,2574.679932,2574.679932,2489.280029,2500.98999,2500.98999,0
2023-01-04,2552.350098,2582.27002,2523.389893,2569.459961,2569.459961,0
2023-01-05,2538.459961,2556.300049,2517.149902,2518.52002,2518.52002,0
2023-01-06,2553.399902,2649.379883,2519.179932,2636.100098,2636.100098,0
2023-01-09,2683.129883,2745.850098,2667.840088,2686.75,2686.75,0
2023-01-10,2674.530029,2722.100098,2663.399902,2721.290039,2721.290039,0
2023-01-11,2720.840088,2756.48999,2700.300049,2755.360107,2755.360107,0
2023-01-12,2770.01001,2807.669922,2714.75,2789.649902,2789.649902,0
2023-01-13,2763.01001,2802.830078,2753.909912,2800.659912,2800.659912,0
2023-01-17,2791.370117,2830.860107,2780.5,2807.47998,2807.47998,0
2023-01-18,2837.419922,2854.48999,2788.350098,2789.469971,2789.469971,0
2023-01-19,2762.860107,2763.790039,2704.290039,2710.439941,2710.439941,0
2023-01-20,2734.219971,2795.649902,2710.169922,2794.689941,2794.689941,0
2023-01-23,2822.139893,2943.709961,2818.439941,2934.830078,2934.830078,0
2023-01-24,2900.399902,2936.689941,2897.449951,2913.73999,2913.73999,0
2023-01-25,2859.560059,2923.120117,2840.060059,2918.98999,2918.98999,0
2023-01-26,2954.399902,2969.030029,2905.300049,2966.600098,2966.600098,0
2023-01-27,2906.949951,2971.050049,2905.77002,2945.27002,2945.27002,0
2023-01-30,2903.600098,2920.110107,2865.02002,2866.689941,2866.689941,0
2023-01-31,2859.959961,2922.72998,2859.179932,2921.919922,2921.919922,0
2023-02-01,2935.929932,3103.51001,2935.929932,3073.469971,3073.469971,0
2023-02-02,3103.610107,3168.699951,3088.169922,3141.840088,3141.840088,0
2023-02-03,3069.879883,3151.850098,3064.679932,3082.110107,3082.110107,0
2023-02-06,3027.5,3075.800049,3018.780029,3029.73999,3029.73999,0
2023-02-07,3042.860107,3138.389893,3033.040039,3124.149902,3124.149902,0
2023-02-08,3106.209961,3128.540039,3049.969971,3055.629883,3055.629883,0
2023-02-09,3112.709961,3140.810059,3039.01001,3059.620117,3059.620117,0
2023-02-10,3025.100098,3033.689941,2979.73999,3011.149902,3011.149902,0
2023-02-13,3022.780029,3066.100098,3001.27002,3057.320068,3057.320068,0
2023-02-14,3024.159912,3131.370117,3013.25,3121.629883,3121.629883,0
2023-02-15,3092.719971,3134.48999,3063.22998,3133.070068,3133.070068,0
2023-02-16,3077.800049,3108.550049,3051.25,3055.23999,3055.23999,0
2023-02-17,3032.800049,3042.429932,2980.139893,3005.870117,3005.870117,0
2023-02-21,2961.120117,2992,2901.709961,2906.26001,2906.26001,0
2023-02-22,2910.840088,2935.929932,2875.560059,2892.389893,2892.389893,0
2023-02-23,3002.689941,3002.969971,2931.25,2988.810059,2988.810059,0
2023-02-24,2936.899902,2950.419922,2913.149902,2935.110107,2935.110107,0
2023-02-27,2983.389893,2986.76001,2949.709961,2951.209961,2951.209961,0
2023-02-28,2945.879883,2998.01001,2937,2958.389893,2958.389893,0
2023-03-01,2967.409912,2993.169922,2945.27002,2955.830078,2955.830078,0
2023-03-02,2909.75,2996.590088,2892.219971,2984.110107,2984.110107,0
2023-03-03,2982.560059,3031.909912,2961.840088,3028.340088,3028.340088,0
2023-03-06,3036.580078,3064.310059,2988.75,2994.590088,2994.590088,0
2023-03-07,2996.850098,3011.070068,2950.810059,2962.419922,2962.419922,0
2023-03-08,2981.800049,3044.209961,2979.419922,3041.389893,3041.389893,0
2023-03-09,3037.580078,3083.679932,2976.350098,2980.209961,2980.209961,0
2023-03-10,2995.899902,3003.570068,2909.52002,2923.929932,2923.929932,0
2023-03-13,2883.879883,2957.719971,2861.449951,2921.709961,2921.709961,0
2023-03-14,2977.590088,3026.929932,2960.570068,3010.149902,3010.149902,0
2023-03-15,2968.469971,2985.48999,2915.22998,2977.389893,2977.389893,0
2023-03-16,2963.26001,3102.01001,2955.080078,3098.070068,3098.070068,0
2023-03-17,3104.76001,3127.419922,3064,3083.52002,3083.52002,0
2023-03-20,3083.939941,3123.120117,3060.340088,3114.709961,3114.709961,0
2023-03-21,3137.300049,3169.860107,3071.209961,3116.889893,3116.889893,0
2023-03-22,3118.97998,3201.600098,3089.860107,3091.709961,3091.709961,0
2023-03-23,3146.209961,3216.320068,3119.030029,3174.360107,3174.360107,0
2023-03-24,3150.939941,3154.360107,3089.969971,3121.26001,3121.26001,0
2023-03-27,3129.399902,3141.830078,3075.780029,3083.580078,3083.580078,0
2023-03-28,3076.98999,3076.98999,3015.800049,3057.27002,3057.27002,0
2023-03-29,3109.560059,3176.850098,3105.360107,3157.110107,3157.110107,0
2023-03-30,3198.169922,3230.080078,3186.310059,3208.26001,3208.26001,0
2023-03-31,3182.719971,3233.939941,3178.389893,3230.860107,3230.860107,0
2023-04-03,3209.669922,3222.340088,3162.409912,3200.429932,3200.429932,0
2023-04-04,3206.97998,3209.310059,3126.330078,3142.5,3142.5,0
2023-04-05,3107.080078,3111.800049,3055.399902,3085.97998,3085.97998,0
2023-04-06,3055.169922,3093.820068,3034.820068,3071.77002,3071.77002,0
2023-04-10,3047.919922,3127.899902,3042.350098,3126.969971,3126.969971,0
2023-04-11,3145.860107,3146,3104.379883,3109.419922,3109.419922,0
2023-04-12,3133.860107,3140.719971,3049.870117,3052.52002,3052.52002,0
2023-04-13,3055.550049,3092.149902,3036.030029,3074.939941,3074.939941,0
2023-04-14,3070.879883,3107.25,3036.959961,3070.449951,3070.449951,0
2023-04-17,3033.370117,3067.889893,3025.830078,3066.679932,3066.679932,0
2023-04-18,3097.899902,3116.360107,3054.280029,3077.719971,3077.719971,0
2023-04-19,3036.030029,3053.27002,3026.840088,3046.379883,3046.379883,0
2023-04-20,3015.77002,3090.879883,3015.77002,3046.280029,3046.280029,0
2023-04-21,3026.790039,3031.959961,2995.909912,3021.439941,3021.439941,0
2023-04-24,3017.919922,3031.860107,2987.919922,3007.51001,3007.51001,0
2023-04-25,2987.219971,2987.570068,2905.939941,2906.290039,2906.290039,0
2023-04-26,2922.98999,2952.080078,2908.409912,2922.98999,2922.98999,0
2023-04-27,2921.899902,2944.959961,2867.51001,2941.590088,2941.590088,0
2023-04-28,2958.169922,2995.330078,2945.379883,2994.969971,2994.969971,0
2023-05-01,3007.22998,3026.949951,2997.169922,3019.090088,3019.090088,0
2023-05-02,3020.189941,3034.189941,2969.080078,2996.860107,2996.860107,0
2023-05-03,2980.649902,3009.070068,2956.73999,2957.370117,2957.370117,0
2023-05-04,2932.550049,2971.899902,2913.110107,2941.629883,2941.629883,0
2023-05-05,2942.280029,3019.370117,2930.639893,3007.689941,3007.689941,0
2023-05-08,3009.840088,3025.98999,2979.850098,3024.409912,3024.409912,0
2023-05-09,2983.199951,2983.679932,2960.01001,2967.840088,2967.840088,0
2023-05-10,3003.620117,3019.459961,2968.409912,2997.51001,2997.51001,0
2023-05-11,3000.370117,3005,2950.860107,2978.719971,2978.719971,0
2023-05-12,2988.580078,2999.550049,2944.070068,2972.850098,2972.850098,0
2023-05-15,2979.51001,3052.909912,2971.76001,3052.639893,3052.639893,0
2023-05-16,3044.439941,3083.280029,3044.030029,3048.709961,3048.709961,0
2023-05-17,3077.550049,3135.300049,3055.969971,3124.679932,3124.679932,0
2023-05-18,3139.72998,3229.629883,3136.76001,3223.48999,3223.48999,0
2023-05-19,3214.97998,3217.929932,3186.350098,3203.48999,3203.48999,0
2023-05-22,3180.570068,3223.530029,3173.870117,3215.040039,3215.040039,0
2023-05-23,3196.75,3216.98999,3171.939941,3177.439941,3177.439941,0
2023-05-24,3111.550049,3135.040039,3091.290039,3124.090088,3124.090088,0
2023-05-25,3281.389893,3347.370117,3238.219971,3336.719971,3336.719971,0
2023-05-26,3387.429932,3563.330078,3386.340088,3545.669922,3545.669922,0
2023-05-30,3628.469971,3643.939941,3537.649902,3549.389893,3549.389893,0
2023-05-31,3484.330078,3531.389893,3451.870117,3453.179932,3453.179932,0
2023-06-01,3469.699951,3537.820068,3437.889893,3506.73999,3506.73999,0
2023-06-02,3537.72998,3546.419922,3478.030029,3501.399902,3501.399902,0
2023-06-05,3488.590088,3489.090088,3430.280029,3444.120117,3444.120117,0
2023-06-06,3426.889893,3504.419922,3417.51001,3488.340088,3488.340088,0
2023-06-07,3512.649902,3557,3469.719971,3477.179932,3477.179932,0
2023-06-08,3484.100098,3521.360107,3469.449951,3514.320068,3514.320068,0
2023-06-09,3559.379883,3580.429932,3508.719971,3524.969971,3524.969971,0
2023-06-12,3567.820068,3644.860107,3565.97998,3641.659912,3641.659912,0
2023-06-13,3694.810059,3711.810059,3646.360107,3683.659912,3683.659912,0
2023-06-14,3670.330078,3740.699951,3653.75,3739.75,3739.75,0
2023-06-15,3698.560059,3736.5,3684.370117,3708.060059,3708.060059,0
2023-06-16,3738.689941,3743.72998,3671.27002,3673.139893,3673.139893,0
2023-06-20,3666.209961,3693.409912,3616.050049,3647.560059,3647.560059,0
2023-06-21,3624.120117,3636.909912,3548.389893,3549.72998,3549.72998,0
2023-06-22,3525.52002,3580.659912,3523.780029,3569.870117,3569.870117,0
2023-06-23,3508.01001,3526.969971,3489.129883,3506.709961,3506.709961,0
2023-06-26,3527.649902,3582.26001,3515.51001,3515.77002,3515.77002,0
2023-06-27,3527.25,3647.01001,3517.52002,3642.409912,3642.409912,0
2023-06-28,3588.909912,3644.959961,3580.830078,3609.47998,3609.47998,0
2023-06-29,3626.98999,3627.25,3583.48999,3614.179932,3614.179932,0
2023-06-30,3654.73999,3685.76001,3644.030029,3673.060059,3673.060059,0
2023-07-03,3691.280029,3713.909912,3663.449951,3703.620117,3703.620117,0
2023-07-05,3672.389893,3683.719971,3622.100098,3622.320068,3622.320068,0
2023-07-06,3559.350098,3581.629883,3532.689941,3577.48999,3577.48999,0
2023-07-07,3583.560059,3633.790039,3573.340088,3577.72998,3577.72998,0
2023-07-10,3587.050049,3655.909912,3586.409912,3651.600098,3651.600098,0
2023-07-11,3665.870117,3669.439941,3599.209961,3653.530029,3653.530029,0
2023-07-12,3704.719971,3727.449951,3684.879883,3721.469971,3721.469971,0
2023-07-13,3755.820068,3803.199951,3746.879883,3797.129883,3797.129883,0
2023-07-14,3798.530029,3828.159912,3735.459961,3750.409912,3750.409912,0
2023-07-17,3756.360107,3855.47998,3729.060059,3837.310059,3837.310059,0
2023-07-18,3821.080078,3854.570068,3790.300049,3842.360107,3842.360107,0
2023-07-19,3849.100098,3849.790039,3792.110107,3801.659912,3801.659912,0
2023-07-20,3727.469971,3742.949951,3647.959961,3663.850098,3663.850098,0
2023-07-21,3702.689941,3730.340088,3678.840088,3698.850098,3698.850098,0
2023-07-24,3702.409912,3723.090088,3679.709961,3692.320068,3692.320068,0
2023-07-25,3717.97998,3774.300049,3717.97998,3755.27002,3755.27002,0
2023-07-26,3702.76001,3730.409912,3662,3699.370117,3699.370117,0
2023-07-27,3795.050049,3845.02002,3746.600098,3768.27002,3768.27002,0
2023-07-28,3840.110107,3862.25,3803.790039,3851.76001,3851.76001,0
2023-07-31,3867.639893,3875.169922,3843.050049,3861.629883,3861.629883,0
2023-08-01,3825.379883,3866.850098,3818.060059,3858.209961,3858.209961,0
2023-08-02,3809.310059,3809.75,3691.370117,3711.600098,3711.600098,0
2023-08-03,3665.530029,3731.050049,3658.429932,3708.080078,3708.080078,0
2023-08-04,3689.830078,3751.330078,3660.300049,3699.199951,3699.199951,0
2023-08-07,3730.939941,3740.409912,3705.02002,3739.409912,3739.409912,0
2023-08-08,3673.439941,3684.97998,3631.810059,3679.419922,3679.419922,0
2023-08-09,3677.419922,3678.75,3606.090088,3610.47998,3610.47998,0
2023-08-10,3634.649902,3680.26001,3574.959961,3597.02002,3597.02002,0
2023-08-11,3545.669922,3554.810059,3504.639893,3514.550049,3514.550049,0
2023-08-14,3492.120117,3616,3488.550049,3615.449951,3615.449951,0
2023-08-15,3600.610107,3607.969971,3552.120117,3553.959961,3553.959961,0
2023-08-16,3552.379883,3552.389893,3478.570068,3480.080078,3480.080078,0
2023-08-17,3492.790039,3492.790039,3437.870117,3446.350098,3446.350098,0
2023-08-18,3411.469971,3475.860107,3405.350098,3462.73999,3462.73999,0
2023-08-21,3481.22998,3565.76001,3475.580078,3560.73999,3560.73999,0
2023-08-22,3606.280029,3610.149902,3516.75,3527.689941,3527.689941,0
2023-08-23,3508.070068,3614.080078,3507.040039,3602.01001,3602.01001,0
2023-08-24,3663.949951,3663.949951,3474.25,3481.300049,3481.300049,0
2023-08-25,3476.300049,3521.340088,3425.790039,3495.649902,3495.649902,0
2023-08-28,3528.409912,3546.76001,3503.290039,3537.870117,3537.870117,0
2023-08-29,3518.340088,3640.429932,3515.840088,3629.570068,3629.570068,0
2023-08-30,3615.120117,3658.560059,3593.47998,3643.919922,3643.919922,0
2023-08-31,3637.050049,3690.300049,3636.530029,3670.929932,3670.929932,0
2023-09-01,3694.72998,3705.580078,3658.290039,3682.840088,3682.840088,0
2023-09-05,3669.659912,3711.550049,3651.939941,3683.790039,3683.790039,0
2023-09-06,3673.689941,3693.919922,3615.419922,3654.459961,3654.459961,0
2023-09-07,3569.97998,3591.820068,3536.560059,3582.110107,3582.110107,0
2023-09-08,3575.810059,3601.47998,3552.23999,3565.98999,3565.98999,0
2023-09-11,3605.629883,3607.580078,3521.669922,3569.22998,3569.22998,0
2023-09-12,3539.550049,3599.320068,3536.199951,3541.090088,3541.090088,0
2023-09-13,3536.73999,3595.030029,3536.73999,3560.459961,3560.459961,0
2023-09-14,3594.570068,3598.149902,3549.129883,3584.22998,3584.22998,0
2023-09-15,3555.570068,3560.889893,3461.159912,3476.389893,3476.389893,0
2023-09-18,3446.800049,3504.030029,3446.219971,3492.469971,3492.469971,0
2023-09-19,3475.530029,3482.530029,3441.909912,3459.02002,3459.02002,0
2023-09-20,3471.73999,3485.719971,3397.969971,3398.810059,3398.810059,0
2023-09-21,3356.159912,3381.550049,3337.860107,3338.850098,3338.850098,0
2023-09-22,3369.350098,3398.439941,3353.959961,3365.290039,3365.290039,0
2023-09-25,3349.469971,3390.52002,3337.350098,3389.459961,3389.459961,0
2023-09-26,3362.179932,3370.050049,3314.5,3329.620117,3329.620117,0
2023-09-27,3356.73999,3385.620117,3310.149902,3361.409912,3361.409912,0
2023-09-28,3351.919922,3457.459961,3343.580078,3420.98999,3420.98999,0
2023-09-29,3474.419922,3481.790039,3421.540039,3434.290039,3434.290039,0
2023-10-02,3440.120117,3474.98999,3408.26001,3448.850098,3448.850098,0
2023-10-03,3424.060059,3464.73999,3355.409912,3376.580078,3376.580078,0
2023-10-04,3397.73999,3432.429932,3370.679932,3424.919922,3424.919922,0
2023-10-05,3425.73999,3432.97998,3376.860107,3406.97998,3406.97998,0
2023-10-06,3392.77002,3491.98999,3365.899902,3475.209961,3475.209961,0
2023-10-09,3441.939941,3475.389893,3414.300049,3467.350098,3467.350098,0
2023-10-10,3481.48999,3543.899902,3466.01001,3512.070068,3512.070068,0
2023-10-11,3526.659912,3544.280029,3497.879883,3537.830078,3537.830078,0
2023-10-12,3549.949951,3596.780029,3515.5,3548.620117,3548.620117,0
2023-10-13,3556.429932,3557.22998,3446.76001,3452.969971,3452.969971,0
2023-10-16,3462.01001,3512.98999,3459.679932,3502.51001,3502.51001,0
2023-10-17,3429.73999,3500.179932,3393.48999,3474.659912,3474.659912,0
2023-10-18,3414.830078,3443.659912,3397.550049,3413.449951,3413.449951,0
2023-10-19,3444.679932,3449.030029,3356.360107,3367.77002,3367.77002,0
2023-10-20,3364.320068,3390.97998,3312.25,3316.139893,3316.139893,0
2023-10-23,3300.370117,3356.949951,3264.76001,3298.540039,3298.540039,0
2023-10-24,3316.379883,3349.129883,3303.469971,3343.939941,3343.939941,0
2023-10-25,3305.399902,3309.320068,3190.76001,3205.840088,3205.840088,0
2023-10-26,3217.620117,3254.320068,3173.550049,3188.419922,3188.419922,0
2023-10-27,3238.080078,3258.419922,3213.050049,3227.090088,3227.090088,0
2023-10-30,3204.850098,3225.090088,3152.52002,3185.179932,3185.179932,0
2023-10-31,3183.629883,3223.370117,3151,3215.889893,3215.889893,0
2023-11-01,3224.919922,3293.060059,3218.23999,3290.949951,3290.949951,0
2023-11-02,3355.800049,3388.879883,3320.570068,3368.540039,3368.540039,0
2023-11-03,3405.98999,3477.449951,3398.77002,3454.570068,3454.570068,0
2023-11-06,3459.449951,3467.439941,3413.320068,3444.889893,3444.889893,0
2023-11-07,3445.689941,3489.75,3439.129883,3471.459961,3471.459961,0
2023-11-08,3473.870117,3491.959961,3450.590088,3472.669922,3472.669922,0
2023-11-09,3499.659912,3534.439941,3448.050049,3452.340088,3452.340088,0
2023-11-10,3496.73999,3600.399902,3487.169922,3591.73999,3591.73999,0
2023-11-13,3562.5,3568.649902,3535.129883,3556.75,3556.75,0
2023-11-14,3653.360107,3696.060059,3639.75,3685.570068,3685.570068,0
2023-11-15,3710.139893,3739.340088,3687.360107,3712.090088,3712.090088,0
2023-11-16,3691.25,3733.47998,3689.72998,3724.100098,3724.100098,0
2023-11-17,3707.090088,3754.669922,3707.090088,3748.649902,3748.649902,0
2023-11-20,3747.52002,3817.830078,3747.290039,3805.810059,3805.810059,0
2023-11-21,3772.26001,3774.530029,3714.76001,3732.790039,3732.790039,0
2023-11-22,3762.659912,3804.899902,3736.300049,3744.959961,3744.959961,0
2023-11-24,3739.590088,3750.379883,3734.189941,3747.929932,3747.929932,0
2023-11-27,3734.530029,3771.679932,3723.01001,3739.310059,3739.310059,0
2023-11-28,3713.26001,3735.610107,3688.620117,3718.350098,3718.350098,0
2023-11-29,3769.620117,3809.709961,3747.51001,3753.360107,3753.360107,0
2023-11-30,3760.399902,3760.679932,3695,3724.580078,3724.580078,0
2023-12-01,3696.48999,3744.72998,3675.290039,3738.27002,3738.27002,0
2023-12-04,3699.629883,3701.689941,3638.72998,3693.439941,3693.439941,0
2023-12-05,3657.530029,3680.5,3641.929932,3672.399902,3672.399902,0
2023-12-06,3726.189941,3727.429932,3642.070068,3645.820068,3645.820068,0
2023-12-07,3674.47998,3756.840088,3669.389893,3747.540039,3747.540039,0
2023-12-08,3745.02002,3791.600098,3740.550049,3774.169922,3774.169922,0
2023-12-11,3812.540039,3917.439941,3809.310059,3902.389893,3902.389893,0
2023-12-12,3882.51001,3931.01001,3880.810059,3930.179932,3930.179932,0
2023-12-13,3932.22998,4011.719971,3917.969971,3990.949951,3990.949951,0
2023-12-14,4034.439941,4113.950195,4034.439941,4097.470215,4097.470215,0
2023-12-15,4121.220215,4161.919922,4107,4117,4117,0
2023-12-18,4114.109863,4122.370117,4069.530029,4103.790039,4103.790039,0
2023-12-19,4101.72998,4130.879883,4101.72998,4125.560059,4125.560059,0
2023-12-20,4093.899902,4117.589844,4006.689941,4007.659912,4007.659912,0
2023-12-21,4094.290039,4124.509766,4073.840088,4118.589844,4118.589844,0
2023-12-22,4134.580078,4153.25,4104.689941,4132.850098,4132.850098,0
2023-12-26,4155.72998,4222.319824,4155.200195,4207.450195,4207.450195,0
2023-12-27,4222.240234,4230.930176,4194.959961,4214.589844,4214.589844,0
2023-12-28,4228.470215,4233.72998,4205.680176,4208.680176,4208.680176,0
2023-12-29,4205.109863,4215.740234,4155.339844,4175.470215,4175.470215,0
2024-01-02,4100.169922,4105.759766,3990.719971,4023.040039,4023.040039,0
2024-01-03,3938.949951,3976.75,3926.860107,3941.209961,3941.209961,0
2024-01-04,3876.969971,3947.27002,3875.179932,3908.850098,3908.850098,0
2024-01-05,3914.169922,3965.909912,3908.719971,3933.48999,3933.48999,0
2024-01-08,3956.159912,4071.620117,3956.050049,4062.47998,4062.47998,0
2024-01-09,4023.51001,4094.780029,4015.449951,4064.649902,4064.649902,0
2024-01-10,4065.77002,4066.659912,4000.399902,4048.840088,4048.840088,0
2024-01-11,4057.159912,4089.070068,3987.590088,4067.899902,4067.899902,0
2024-01-12,4073.399902,4089.330078,4031.01001,4052.429932,4052.429932,0
2024-01-16,4050.040039,4132.990234,4035.919922,4105.939941,4105.939941,0
2024-01-17,4065.129883,4075.209961,4001.350098,4069.949951,4069.949951,0
2024-01-18,4194.509766,4213.029785,4139.799805,4206.52002,4206.52002,0
2024-01-19,4258.299805,4380.790039,4240.810059,4375.649902,4375.649902,0
2024-01-22,4410.060059,4439.589844,4347.209961,4386.600098,4386.600098,0
2024-01-23,4384.02002,4419.200195,4347.899902,4415.259766,4415.259766,0
2024-01-24,4475.540039,4541.75,4435.560059,4483.330078,4483.330078,0
2024-01-25,4562.209961,4566.560059,4450.040039,4472.259766,4472.259766,0
2024-01-26,4366.919922,4405.359863,4330.959961,4342.100098,4342.100098,0
2024-01-29,4354.990234,4388.350098,4323.560059,4388.27002,4388.27002,0
2024-01-30,4363.560059,4384.080078,4301.859863,4319.990234,4319.990234,0
2024-01-31,4239.870117,4334.810059,4220.950195,4260.919922,4260.919922,0
2024-02-01,4270.609863,4291.330078,4226.580078,4280.47998,4280.47998,0
2024-02-02,4273.060059,4346.029785,4270.839844,4336.72998,4336.72998,0
2024-02-05,4370.759766,4407,4320.120117,4388.100098,4388.100098,0
2024-02-06,4388.75,4396.450195,4291.879883,4338.27002,4338.27002,0
2024-02-07,4364.310059,4412.609863,4329.950195,4408.72998,4408.72998,0
2024-02-08,4424.990234,4510.200195,4417.830078,4478.009766,4478.009766,0
2024-02-09,4505.819824,4574.930176,4479.060059,4567.299805,4567.299805,0
2024-02-12,4566.180176,4644.040039,4543.040039,4560.040039,4560.040039,0
2024-02-13,4412.939941,4514.990234,4408.459961,4468.180176,4468.180176,0
2024-02-14,4533.350098,4568.069824,4503.330078,4565.410156,4565.410156,0
2024-02-15,4591.649902,4599.910156,4540.089844,4558.100098,4558.100098,0
2024-02-16,4585.310059,4624.490234,4514.97998,4527.680176,4527.680176,0
2024-02-20,4489.879883,4507.529785,4389.779785,4456.870117,4456.870117,0
2024-02-21,4402.950195,4446.839844,4383.910156,4446.359863,4446.359863,0
2024-02-22,4632.629883,4687.259766,4604.200195,4667.370117,4667.370117,0
2024-02-23,4688.609863,4709.52002,4592.970215,4615.029785,4615.029785,0
2024-02-26,4658.910156,4683.910156,4634.819824,4663.470215,4663.470215,0
2024-02-27,4680.180176,4697.160156,4651.399902,4654.890137,4654.890137,0
2024-02-28,4602.109863,4627.169922,4583.819824,4602.600098,4602.600098,0
2024-02-29,4663.890137,4737.069824,4645.470215,4726.919922,4726.919922,0
2024-03-01,4780.990234,4950.259766,4780.990234,4929.580078,4929.580078,0
2024-03-04,4973.52002,5037.569824,4956.149902,4981.970215,4981.970215,0
2024-03-05,4921.660156,4953.959961,4829.359863,4879.830078,4879.830078,0
2024-03-06,4976.620117,5051.990234,4947.049805,4997.930176,4997.930176,0
2024-03-07,5063.5,5187.600098,5062.72998,5165.830078,5165.830078,0
2024-03-08,5185.330078,5217.830078,4957.160156,4957.779785,4957.779785,0
2024-03-11,4888.370117,4926.370117,4835.870117,4890.200195,4890.200195,0
2024-03-12,4946.779785,4993,4868.419922,4992.509766,4992.509766,0
2024-03-13,4926.740234,4932.120117,4841.700195,4868.950195,4868.950195,0
2024-03-14,4859.740234,4880.040039,4741.589844,4783.649902,4783.649902,0
2024-03-15,4745.720215,4808.680176,4719.720215,4757.709961,4757.709961,0
2024-03-18,4834.080078,4856.399902,4751.390137,4757.600098,4757.600098,0
2024-03-19,4683.72998,4734.490234,4620.52002,4712.810059,4712.810059,0
2024-03-20,4718.22998,4798.339844,4682.490234,4788.180176,4788.180176,0
2024-03-21,4949.149902,4983.459961,4890.47998,4897.879883,4897.879883,0
2024-03-22,4876.009766,4945.640137,4868.950195,4908.259766,4908.259766,0
2024-03-25,4838.310059,4937.350098,4836.439941,4891.490234,4891.490234,0
2024-03-26,4920.209961,4943.25,4849.810059,4851.879883,4851.879883,0
2024-03-27,4902.279785,4903.180176,4815.060059,4899.950195,4899.950195,0
2024-03-28,4892.450195,4926.759766,4887.089844,4905.209961,4905.209961,0
2024-04-01,4921.529785,5030.52002,4919.970215,4962.100098,4962.100098,0
2024-04-02,4883.560059,4898.120117,4834.220215,4886.939941,4886.939941,0
2024-04-03,4838.080078,4938.330078,4831.529785,4903.5,4903.5,0
2024-04-04,4973.339844,4984.910156,4750.990234,4756.069824,4756.069824,0
2024-04-05,4784.189941,4847.509766,4751.009766,4819.129883,4819.129883,0
2024-04-08,4848.669922,4868.859863,4808.77002,4825.390137,4825.390137,0
2024-04-09,4869.390137,4890.919922,4785.620117,4870.810059,4870.810059,0
2024-04-10,4789.930176,4847.52002,4761.109863,4790.350098,4790.350098,0
2024-04-11,4816.109863,4911.540039,4784.390137,4906.370117,4906.370117,0
2024-04-12,4810.660156,4819.790039,4735.490234,4745.049805,4745.049805,0
2024-04-15,4804.240234,4827.890137,4658.939941,4679.100098,4679.100098,0
2024-04-16,4682.819824,4744.22998,4670.379883,4720.529785,4720.529785,0
2024-04-17,4725.759766,4733.419922,4561.560059,4567.310059,4567.310059,0
2024-04-18,4541.47998,4567.629883,4474.870117,4491.709961,4491.709961,0
2024-04-19,4444.910156,4480.069824,4288,4306.870117,4306.870117,0
2024-04-22,4351.22998,4411.589844,4299.720215,4381.919922,4381.919922,0
2024-04-23,4415.620117,4500.339844,4407.180176,4478.799805,4478.799805,0
2024-04-24,4608.049805,4616.890137,4490.529785,4526.200195,4526.200195,0
2024-04-25,4515.859863,4645.560059,4492.939941,4615.040039,4615.040039,0
2024-04-26,4619.819824,4756.910156,4616.419922,4735.290039,4735.290039,0
